## データをグルーピング

### 1. グルーピング
給与情報(salaries テーブル)から、従業員ごとに salary が何レコード登録されているかを取得し、従業員番号と登録レコード数を10件表示
```sql
SELECT emp_no, COUNT(salary) FROM salaries
GROUP BY emp_no
LIMIT 10;
+--------+---------------+
| emp_no | COUNT(salary) |
+--------+---------------+
|  10001 |            17 |
|  10002 |             6 |
|  10003 |             7 |
|  10004 |            16 |
|  10005 |            13 |
|  10006 |            12 |
|  10007 |            14 |
|  10008 |             3 |
|  10009 |            18 |
|  10010 |             6 |
+--------+---------------+
10 rows in set (0.00 sec)
```

### 2. グルーピングと集計関数
給与情報(salaries テーブル)から、従業員番号10001から10010の従業員ごとの最小給与と最大給与を取得
```sql
SELECT emp_no, MIN(salary), MAX(salary) FROM salaries
WHERE emp_no
BETWEEN 10001
AND 10010
GROUP BY emp_no;
+--------+-------------+-------------+
| emp_no | MIN(salary) | MAX(salary) |
+--------+-------------+-------------+
|  10001 |       60117 |       88958 |
|  10002 |       65828 |       72527 |
|  10003 |       40006 |       43699 |
|  10004 |       40054 |       74057 |
|  10005 |       78228 |       94692 |
|  10006 |       40000 |       60098 |
|  10007 |       56724 |       88070 |
|  10008 |       46671 |       52668 |
|  10009 |       60929 |       94443 |
|  10010 |       72488 |       80324 |
+--------+-------------+-------------+
10 rows in set (0.00 sec)
```

### 3. グルーピングと集計関数2
給与情報(salaries テーブル)から、従業員番号10001から10010の従業員ごとの勤務開始日と勤務終了日を取得  
なお勤務中の場合、勤務終了日は 9999-01-01 となる
```sql
SELECT emp_no, MIN(from_date), MAX(to_date) FROM salaries
WHERE emp_no
BETWEEN 10001
AND 10010
GROUP BY emp_no;
+--------+----------------+--------------+
| emp_no | MIN(from_date) | MAX(to_date) |
+--------+----------------+--------------+
|  10001 | 1986-06-26     | 9999-01-01   |
|  10002 | 1996-08-03     | 9999-01-01   |
|  10003 | 1995-12-03     | 9999-01-01   |
|  10004 | 1986-12-01     | 9999-01-01   |
|  10005 | 1989-09-12     | 9999-01-01   |
|  10006 | 1990-08-05     | 9999-01-01   |
|  10007 | 1989-02-10     | 9999-01-01   |
|  10008 | 1998-03-11     | 2000-07-31   |
|  10009 | 1985-02-18     | 9999-01-01   |
|  10010 | 1996-11-24     | 9999-01-01   |
+--------+----------------+--------------+
10 rows in set (0.01 sec)
```

### 4. 絞り込み
給与情報(salaries テーブル)から、従業員ごとの最大給与を求め、そのうち最大給与が140,000を超えている従業員の従業員番号と最大給与を取得
```sql
SELECT emp_no, MAX(salary) FROM salaries
GROUP BY emp_no
HAVING MAX(salary) > 140000;
+--------+-------------+
| emp_no | MAX(salary) |
+--------+-------------+
|  11486 |      145732 |
|  12149 |      141114 |
|  13386 |      144434 |
|  14487 |      144534 |
|  18006 |      144866 |
|  18997 |      145215 |
|  24099 |      141197 |
|  36219 |      148820 |
|  37558 |      149440 |
|  39964 |      142638 |
|  41822 |      146100 |
|  43624 |      158220 |
|  44188 |      140500 |
|  44465 |      146719 |
|  46439 |      150345 |
|  47286 |      140138 |
|  47978 |      155709 |
|  49232 |      141399 |
|  51531 |      142181 |
|  53402 |      146507 |
|  56012 |      141824 |
|  58746 |      142413 |
|  66793 |      150052 |
|  72680 |      140468 |
|  76125 |      141423 |
|  78008 |      144485 |
|  80823 |      154459 |
|  80937 |      142485 |
|  84052 |      142846 |
|  89825 |      143644 |
|  91935 |      147469 |
|  96957 |      143950 |
|  98169 |      144088 |
| 102078 |      140974 |
| 102962 |      146655 |
| 107140 |      142506 |
| 109334 |      155377 |
| 205000 |      153715 |
| 210661 |      145902 |
| 212558 |      140055 |
| 214842 |      143183 |
| 218237 |      141631 |
| 220051 |      142647 |
| 225306 |      144142 |
| 232753 |      147480 |
| 236748 |      141680 |
| 237069 |      140742 |
| 237542 |      152687 |
| 237674 |      145901 |
| 237694 |      141431 |
| 238117 |      152220 |
| 239311 |      143727 |
| 246120 |      146292 |
| 248492 |      143727 |
| 253939 |      155513 |
| 254247 |      142082 |
| 254466 |      156286 |
| 257360 |      144748 |
| 258761 |      146755 |
| 263955 |      146882 |
| 265296 |      142694 |
| 266526 |      152710 |
| 266639 |      142426 |
| 267069 |      141003 |
| 272431 |      145441 |
| 276633 |      152412 |
| 279776 |      150740 |
| 282030 |      142184 |
| 282370 |      141488 |
| 400122 |      144563 |
| 406747 |      142869 |
| 408988 |      144205 |
| 413137 |      142395 |
| 415751 |      146280 |
| 416972 |      140192 |
| 418416 |      141407 |
| 419748 |      140784 |
| 421835 |      141953 |
| 422084 |      144560 |
| 425675 |      142319 |
| 432583 |      143937 |
| 435435 |      144303 |
| 438507 |      140332 |
| 447240 |      140332 |
| 447849 |      145960 |
| 451883 |      140357 |
| 466852 |      145128 |
| 467956 |      142914 |
| 476883 |      141160 |
| 477358 |      140077 |
| 484736 |      141578 |
| 485205 |      141555 |
| 492164 |      148696 |
| 492633 |      143148 |
| 493158 |      154376 |
| 494128 |      141990 |
| 494152 |      140801 |
+--------+-------------+
97 rows in set (1.69 sec)
```

### 5. 最小給与


### 6. 最終勤務日


