## データをグルーピング

### 1. グルーピング
給与情報(salaries テーブル)から、従業員ごとに salary が何レコード登録されているかを取得し、従業員番号と登録レコード数を10件表示
```sql
SELECT emp_no, COUNT(salary) FROM salaries
GROUP BY emp_no
LIMIT 10;
+--------+---------------+
| emp_no | COUNT(salary) |
+--------+---------------+
|  10001 |            17 |
|  10002 |             6 |
|  10003 |             7 |
|  10004 |            16 |
|  10005 |            13 |
|  10006 |            12 |
|  10007 |            14 |
|  10008 |             3 |
|  10009 |            18 |
|  10010 |             6 |
+--------+---------------+
10 rows in set (0.00 sec)
```

### 2. グルーピングと集計関数
給与情報(salaries テーブル)から、従業員番号10001から10010の従業員ごとの最小給与と最大給与を取得
```sql
SELECT emp_no, MIN(salary), MAX(salary) FROM salaries
WHERE emp_no
BETWEEN 10001
AND 10010
GROUP BY emp_no;
+--------+-------------+-------------+
| emp_no | MIN(salary) | MAX(salary) |
+--------+-------------+-------------+
|  10001 |       60117 |       88958 |
|  10002 |       65828 |       72527 |
|  10003 |       40006 |       43699 |
|  10004 |       40054 |       74057 |
|  10005 |       78228 |       94692 |
|  10006 |       40000 |       60098 |
|  10007 |       56724 |       88070 |
|  10008 |       46671 |       52668 |
|  10009 |       60929 |       94443 |
|  10010 |       72488 |       80324 |
+--------+-------------+-------------+
10 rows in set (0.00 sec)
```

### 3. グルーピングと集計関数2
給与情報(salaries テーブル)から、従業員番号10001から10010の従業員ごとの勤務開始日と勤務終了日を取得  
なお勤務中の場合、勤務終了日は 9999-01-01 となる
```sql
SELECT emp_no, MIN(from_date), MAX(to_date) FROM salaries
WHERE emp_no
BETWEEN 10001
AND 10010
GROUP BY emp_no;
+--------+----------------+--------------+
| emp_no | MIN(from_date) | MAX(to_date) |
+--------+----------------+--------------+
|  10001 | 1986-06-26     | 9999-01-01   |
|  10002 | 1996-08-03     | 9999-01-01   |
|  10003 | 1995-12-03     | 9999-01-01   |
|  10004 | 1986-12-01     | 9999-01-01   |
|  10005 | 1989-09-12     | 9999-01-01   |
|  10006 | 1990-08-05     | 9999-01-01   |
|  10007 | 1989-02-10     | 9999-01-01   |
|  10008 | 1998-03-11     | 2000-07-31   |
|  10009 | 1985-02-18     | 9999-01-01   |
|  10010 | 1996-11-24     | 9999-01-01   |
+--------+----------------+--------------+
10 rows in set (0.01 sec)
```

### 4. 絞り込み


### 5. 最小給与


### 6. 最終勤務日


